<blocks app="Snap! 4.0, http://snap.berkeley.edu" version="1"><block-definition s="cases: if %&apos;test&apos; then %&apos;result&apos; %&apos;more&apos;" type="command" category="control"><header></header><code></code><inputs><input type="%b"></input><input type="%cs"></input><input type="%mult%boolUE"></input></inputs><script><block s="doIfElse"><block var="test"/><script><block s="doRun"><block var="result"/><list></list></block></script><script><custom-block s="catch %upvar %cs"><l>tag</l><script><custom-block s="for each %upvar of %l %cs"><l>item</l><block var="more"/><script><block s="doIf"><block s="evaluate"><block var="item"/><list></list></block><script><custom-block s="throw %s"><block var="tag"/></custom-block></script></block></script></custom-block></script></custom-block></script></block></script></block-definition><block-definition s="catch %&apos;tag&apos; %&apos;action&apos;" type="command" category="control"><header></header><code></code><inputs><input type="%upvar"></input><input type="%cs"></input></inputs><script><block s="doCallCC"><block s="reifyScript"><script><block s="doSetVar"><l>tag</l><block var="cont"/></block><block s="doRun"><block var="action"/><list></list></block></script><list><l>cont</l></list></block></block></script></block-definition><block-definition s="throw %&apos;cont&apos;" type="command" category="control"><header></header><code></code><inputs><input type="%s">catchtag</input></inputs><script><block s="doRun"><block var="cont"/><list></list></block></script></block-definition><block-definition s="for each %&apos;item&apos; of %&apos;data&apos; %&apos;action&apos;" type="command" category="lists"><header></header><code></code><inputs><input type="%upvar"></input><input type="%l"></input><input type="%cs"></input></inputs><script><block s="doUntil"><custom-block s="empty? %l"><block var="data"/></custom-block><script><block s="doSetVar"><l>item</l><block s="reportListItem"><l>1</l><block var="data"/></block></block><block s="doRun"><block var="action"/><list><block s="reportListItem"><l>1</l><block var="data"/></block></list></block><block s="doSetVar"><l>data</l><block s="reportCDR"><block var="data"/></block></block></script></block></script></block-definition><block-definition s="else if %&apos;test&apos; then %&apos;action&apos;" type="predicate" category="control"><header></header><code></code><inputs><input type="%b"></input><input type="%cs"></input></inputs><script><block s="doIfElse"><block var="test"/><script><block s="doRun"><block var="action"/><list></list></block><block s="doReport"><block s="reportTrue"></block></block></script><script><block s="doReport"><block s="reportFalse"></block></block></script></block></script></block-definition><block-definition s="else %&apos;action&apos;" type="predicate" category="control"><header></header><code></code><inputs><input type="%cs"></input></inputs><script><block s="doRun"><block var="action"/><list></list></block><block s="doReport"><block s="reportTrue"></block></block></script></block-definition></blocks>